date,portfolio_value,portfolio_return,btc_value,btc_return,equal_weight_value,equal_weight_return
2024-08-05,0.9168267735901131,-0.08317322640988692,0.9294055702940128,-0.07059442970598717,0.9170101235574485,-0.0829898764425515
2024-08-06,0.9696419803697066,0.05760652753712614,0.9642523749098878,0.037493647261928276,0.9694850029633596,0.05722388233004453
2024-08-07,0.941837753657889,-0.02867473487607906,0.9483031910236516,-0.016540466273393117,0.9404497502762534,-0.02994915093926785
2024-08-08,1.0542611897548673,0.11936603269549391,1.061453260627815,0.11931845286951215,1.0530659698332345,0.11974719491807051
2024-08-09,1.0365379074958618,-0.01681109238511037,1.0470103751744402,-0.013606708829395298,1.0355839612369568,-0.01660105738584081
2024-08-10,1.0529253642948984,0.015809799796542182,1.0482478207523784,0.001181884733216787,1.0512499623502214,0.015127697704541853
2024-08-11,0.9919728897054872,-0.05788869435226157,1.0101333272785535,-0.036360193381053896,0.9906422284481073,-0.05765301885634958
2024-08-12,1.0442603184757124,0.052710542105388586,1.021071321003256,0.010828267347807508,1.0431838453826996,0.053037933802702275
2024-08-13,1.0556798993886425,0.010935569140076918,1.0425527157148533,0.021038094273856167,1.056039945176942,0.01232390613710669
2024-08-14,1.038147737466478,-0.016607460208646244,1.0096697582164817,-0.031540810361636695,1.0378277218759746,-0.017245771226879102
2024-08-15,1.0077334319270652,-0.029296702619259797,0.9899722873426376,-0.019508825250583395,1.0079106114128253,-0.028826663455348
2024-08-16,1.0076337204978256,-9.894623526465895e-05,1.0130346331672222,0.02329595092655601,1.0082574802092807,0.00034414638810990883
2024-08-17,1.02491808112592,0.01715341624291307,1.0234287287938653,0.010260355654521103,1.0252297904207819,0.016833309491518192
2024-08-18,1.0208145042254133,-0.004003809646912311,1.0052176031019735,-0.017794229514500826,1.0217498066522976,-0.0033943451516913413
2024-08-19,1.0452500708207322,0.023937323082865513,1.022851976636119,0.017542841947582488,1.045807553330362,0.02354563369763486
2024-08-20,1.051793460003957,0.006260118383045818,1.0153375135393985,-0.007346579239582152,1.051864531407577,0.005791675588808595
2024-08-21,1.0927752750575888,0.038963747743285856,1.052203724755912,0.03630931658183334,1.0943103312259854,0.040352914801308586
2024-08-22,1.1122321600213207,0.01780501939221359,1.0387265078422292,-0.012808562255193667,1.1135631163850737,0.017593533214219893
2024-08-23,1.1956342060335907,0.07498618454862084,1.1023792703612172,0.06127961695250783,1.1979150496525144,0.07574957541811374
2024-08-24,1.213115419092584,0.014620870639847,1.1039784546172764,0.001450666117420063,1.2152457309201767,0.014467370847949268
2024-08-25,1.1964060169510675,-0.013773959079685233,1.1054207650386014,0.0013064660956858543,1.1983468596030673,-0.013905723663241087
2024-08-26,1.1373749668921624,-0.04934031526299101,1.0810924198459844,-0.022008221631124703,1.1396230709312718,-0.04900399930221102
2024-08-27,1.0767260158530734,-0.053323620445779735,1.0224618561786871,-0.05423270258027524,1.0788815293153304,-0.05329967702944524
2024-08-28,1.0611225529284178,-0.014491581604716051,1.0156118707394,-0.006699502184744688,1.0626117471315006,-0.015080230536669606
2024-08-29,1.0609639379802884,-0.00014947844402285753,1.0212254426654512,0.005527280733696349,1.061863900318442,-0.0007037818046688715
2024-08-30,1.0615189648393013,0.0005231345186618832,1.017083422993954,-0.004055930745993086,1.0623759560535404,0.0004822235080643109
2024-08-31,1.0444007998426172,-0.01612610378494333,1.0146773361515578,-0.0023656730490343447,1.0449917570047396,-0.01636350949938548
2024-09-01,0.9974103892220986,-0.04499269880643495,0.9858529730945891,-0.028407417836189164,0.9982078820290345,-0.04476961149416304
2024-09-02,1.0439903698871453,0.04670091786528869,1.0174059432133917,0.03200575641594705,1.0452970873885148,0.047173746277942734
2024-09-03,0.9980117235765958,-0.04404125520383856,0.9887496346920979,-0.028166051822722138,0.9985790720326331,-0.044693528681494954
2024-09-04,1.0199773528308698,0.02200939000551541,0.9972414630618022,0.008588451587492774,1.0206545432614922,0.022106883517920905
2024-09-05,0.9916542257242121,-0.027768388217688345,0.9661398492394285,-0.031187646096145327,0.9918190961726998,-0.02825191665404139
2024-09-06,0.9626654036461981,-0.02923279236453943,0.9280726587311212,-0.03940132532394236,0.9627133225150203,-0.029345849227943782
2024-09-07,0.9789466271845874,0.016912650518780985,0.9317449169523335,0.00395686500045489,0.9787052833039126,0.016611342561578424
2024-09-08,1.0062284425480785,0.02786854217165311,0.943983656223376,0.013135289550142648,1.0054908381811356,0.02736835627043971
2024-09-09,1.0488856622229141,0.042393176212366435,0.9814300598133098,0.03966848720638527,1.0492215334730508,0.04349188837067989
2024-09-10,1.065886015499709,0.01620801378938272,0.9915119558675374,0.01027265871206895,1.067493109679539,0.017414412136593248
2024-09-11,1.0501135266868529,-0.01479753799515017,0.9865552931244367,-0.004999095284497934,1.0515875805007042,-0.01489988931507929
2024-09-12,1.0801227697076619,0.02857714166913881,1.0000811890899066,0.013710225934355114,1.0818663456800504,0.02879338415629558
2024-09-13,1.1128397974696769,0.030290100977011996,1.0414929572764777,0.04140840627575115,1.1145593946630794,0.030219120054500268
2024-09-14,1.103932489636558,-0.00800412409169041,1.0322927884994968,-0.008833635131858752,1.105574120052347,-0.008061727938194539
2024-09-15,1.0727503236673506,-0.028246442841331317,1.0172581859501937,-0.014564281293834136,1.0741908856390225,-0.028386368533878662
2024-09-16,1.0492223821883526,-0.021932355516392922,1.001274943928785,-0.015712080022712516,1.050174436871797,-0.02235771042959339
2024-09-17,1.0798016887901072,0.02914473339577035,1.0375963969933204,0.03627520421315844,1.0815448470611688,0.029871618550168094
2024-09-18,1.1146481882549089,0.03227120296861764,1.0626083130403612,0.02410563116787867,1.1167027218200856,0.03250708914609456
2024-09-19,1.1495658203106185,0.03132614615413011,1.0830385498527675,0.019226498194758967,1.1521455691266673,0.031738838469753526
2024-09-20,1.1758093902471198,0.022829114673407914,1.087305449353231,0.003939748498373863,1.179039073958759,0.02334210672048785
2024-09-21,1.2095199123340339,0.02867005687021175,1.0899148529419609,0.002399880907689722,1.2124492304755317,0.02833676784315049
2024-09-22,1.1840845921897274,-0.021029269452227155,1.0937727107987858,0.003539595635761339,1.1872558465564933,-0.020778918643180936
2024-09-23,1.2132138803531602,0.024600681704306317,1.0895501900805171,-0.003860510210741186,1.2176373742671733,0.025589705705639176
2024-09-24,1.2455402222900454,0.026645212736500352,1.1056276940113936,0.014756092998054804,1.2490225634947445,0.025775481182531826
2024-09-25,1.2292183531878638,-0.013104248911506343,1.0861591694906545,-0.017608571697498188,1.2322525453292075,-0.013426513383885378
2024-09-26,1.2858084710149915,0.046037482014783325,1.1212295881253396,0.03228847080592345,1.2857333307025696,0.04340083173378565
2024-09-27,1.3221306073986294,0.028248481171512158,1.1316637622645846,0.009306010338784088,1.3202203510926722,0.026822840760655903
2024-09-28,1.3038985174424602,-0.013789931081046562,1.1330121547980094,0.001191513396811894,1.3001106368147646,-0.015232089295748166
2024-09-29,1.307086840422586,0.00244522325738923,1.1285968099912127,-0.0038969968575348624,1.3027917640744278,0.0020622300777662582
2024-09-30,1.2379772577404087,-0.052872984827721084,1.0890830087919878,-0.035011441508090435,1.2359539796840993,-0.05130350546682615
2024-10-01,1.1585463527021531,-0.06416184509175489,1.0456545861773172,-0.03987613640473686,1.155657139464678,-0.06496750003583844
2024-10-02,1.13684443575419,-0.01873202301949012,1.0431043542981804,-0.002438885567804916,1.1334086215282055,-0.01925183272504027
2024-10-03,1.1257179337555074,-0.009787180768757592,1.0449027270417643,0.001724058322806865,1.122763136789907,-0.009392450821439002
2024-10-04,1.1691457898592756,0.038577919744858816,1.068084792371804,0.022185859726551405,1.1665177946599727,0.038970515183785547
2024-10-05,1.163948688819551,-0.004445212123930464,1.067484990769042,-0.0005615674027434903,1.1602652425586097,-0.005360014334959613
2024-10-06,1.1889821986989397,0.021507399870674182,1.0806020171016568,0.012287785257912631,1.1852427693882264,0.021527428309871866
2024-10-07,1.1797869713475948,-0.0077336964013480745,1.0700763332254832,-0.009740573966727561,1.1755634150161136,-0.008166558465578264
2024-10-08,1.1651110245482583,-0.01243948878548234,1.068688722233375,-0.00129674019415571,1.161807465657029,-0.011701580011228854
2024-10-09,1.1316579730155352,-0.028712329407142703,1.0421311172840055,-0.024850645839949226,1.1279040502220274,-0.029181612648554022
2024-10-10,1.1333489860683728,0.0014942792726777808,1.036887540553693,-0.00503159021292654,1.12988987793986,0.0017606353283700544
2024-10-11,1.1759454207411983,0.037584570327798245,1.0753670409105294,0.03711058224914976,1.1724829408007982,0.03769664964040436
2024-10-12,1.202882877154554,0.022907063489712894,1.0870570657815686,0.010870730110103644,1.1987594210336707,0.02241097018855208
2024-10-13,1.1889201737484816,-0.011607699861105143,1.0811648363859234,-0.005420349658836754,1.1852988194171812,-0.011228776500361205
2024-10-14,1.2507838237469586,0.052033476565066995,1.136445146019095,0.051130325157411116,1.2469076600063784,0.0519774757048107
2024-10-15,1.234239717184627,-0.013226991146056303,1.1535849885501028,0.015081979619560038,1.2308019802624608,-0.012916497556711789
2024-10-16,1.218113803742086,-0.013065463068491566,1.163045925675173,0.008201335158635636,1.2132623567518703,-0.014250564909596766
2024-10-17,1.1937038070009922,-0.02003917586854814,1.159505255703491,-0.00304430796198063,1.189180457664199,-0.019848880131864376
2024-10-18,1.2240370428170528,0.025411023771691247,1.1769946241469775,0.01508347491954698,1.2195180440462738,0.025511339499863877
2024-10-19,1.2245576982775794,0.0004253592353122906,1.1760384162003887,-0.0008124148802138853,1.2199050508839173,0.00031734408484798807
2024-10-20,1.2791334937243843,0.044567761505700645,1.1872345981114252,0.009520251853004646,1.2755443556794523,0.04560953719735814
2024-10-21,1.2363310258926887,-0.03346208041747855,1.1586326449977804,-0.024091239557154753,1.2322487364229504,-0.03394285668210999
2024-10-22,1.2243114948574794,-0.009721935940684386,1.1591861756997273,0.0004777447833328452,1.2206431125011108,-0.009418247776442575
2024-10-23,1.1915594988530114,-0.02675135873675724,1.1458149174288037,-0.011535039453737683,1.187627407989249,-0.02704779486627532
2024-10-24,1.2040004616996378,0.01044090778396051,1.1724867375385502,0.023277598942067934,1.20007314683404,0.010479497829931917
2024-10-25,1.113311526641482,-0.07532300687836457,1.1452094394701797,-0.023264483251754897,1.1094424956482944,-0.07552093922344809
2024-10-26,1.1294403065512189,0.014487211821467949,1.1527254506639535,0.006563001434262583,1.1252514314611128,0.014249441385946365
2024-10-27,1.1527376287126014,0.020627316048708922,1.1687296780009737,0.013883815376681374,1.1483274641566759,0.020507445758677616
2024-10-28,1.166106415119059,0.01159742344959092,1.2027996819176594,0.029151312367595494,1.1611881486864544,0.011199492245205058
2024-10-29,1.2105341452683274,0.038099207390718544,1.2509255470243945,0.040011537939556696,1.204881882534213,0.037628470370788175
2024-10-30,1.196013179197374,-0.011995503082430269,1.2441877126160799,-0.005386279322811882,1.1923318278142316,-0.010416004175932131
2024-10-31,1.1528078832699222,-0.03612443130137261,1.2076453977052732,-0.029370419383077828,1.146748887338234,-0.03823007942307436
2024-11-01,1.1355901235236183,-0.01493549792309372,1.1950175700415016,-0.010456569194704612,1.1298939621154027,-0.0146980087872193
2024-11-02,1.1150071910666013,-0.018125318308643276,1.1929637612841228,-0.0017186431470689323,1.1090607026286767,-0.018438243043375154
2024-11-03,1.0794044683972486,-0.031930487044927035,1.1825232227458808,-0.008751765038532033,1.073763023314108,-0.03182664324045273
2024-11-04,1.0541061831523006,-0.023437261921392612,1.1664386663728727,-0.013601894714303286,1.0468767386710156,-0.025039309474551952
2024-11-05,1.0986069912152323,0.04221662748419899,1.1933779632512727,0.02309533939077113,1.0908580202354767,0.042011900675426435
2024-11-06,1.2286469250597931,0.1183680195778803,1.301150975756973,0.09030920280451671,1.2202690032435777,0.11863228816905598
2024-11-07,1.2487780631405643,0.016384803209263214,1.3059473244496653,0.0036862353270741277,1.2391648621323945,0.01548499456971385
2024-11-08,1.26086976359409,0.009682825804223373,1.3169542944986317,0.008428341513394999,1.2515055852054664,0.009958903330938181
2024-11-09,1.3169368600626024,0.044467000547855094,1.3196049806754495,0.0020127396887581472,1.3071770476752234,0.04448359090672132
2024-11-10,1.3907607537378435,0.056057276483044045,1.383472928684846,0.04839929292833167,1.374007681988284,0.051125923938090095
2024-11-11,1.5022674749056792,0.08017678156947375,1.5267386462992147,0.10355512901185548,1.482469018803585,0.078937940622246
2024-11-12,1.447302219150836,-0.03658819529344742,1.5143922282775761,-0.008086792098677908,1.421901482912765,-0.040855852717718556
2024-11-13,1.414534099984175,-0.02264082700424992,1.5566719628786978,0.02791861567409737,1.3839611736081439,-0.026682797479682135
2024-11-14,1.3711577016579115,-0.03066479509171872,1.502242246570923,-0.034965437552507694,1.3402059165688778,-0.03161595706127451
2024-11-15,1.4531223633205699,0.05977770577633202,1.5663116192080324,0.042649161800206725,1.4152008553847542,0.055957773271046486
2024-11-16,1.5956763921205241,0.09810187524345851,1.5589499016872377,-0.004700033780325907,1.5490932730592348,0.09461018707346597
2024-11-17,1.5177050562317767,-0.04886412826170214,1.5459840728334953,-0.008317027275674294,1.474857229872871,-0.04792225521692331
2024-11-18,1.6463422134996373,0.0847576785355427,1.5569526844776964,0.007094905980562727,1.5961944995081487,0.08227051892049014
2024-11-19,1.6105550152424999,-0.02173739940802728,1.5896975173167567,0.021031360275437727,1.5600652552687966,-0.022634612668120935
2024-11-20,1.5569941635373077,-0.03325614536497373,1.6234364004748199,0.021223460935518634,1.507647049143887,-0.033600008684174044
2024-11-21,1.6470040153450538,0.05781001234022256,1.693209650699423,0.04297873954544573,1.5955754617401388,0.058321616220574836
2024-11-22,1.7457045678111975,0.0599273295915224,1.7030940783739628,0.005837686827769195,1.6874107920140464,0.057556243797928515
2024-11-23,1.86680343935494,0.06936962517980869,1.6816641148866918,-0.012582959308819475,1.8027552944296639,0.06835591129409911
2024-11-24,1.9465224314721272,0.04270347399013431,1.6860187398868423,0.0025894737014375835,1.882942758496694,0.044480503990087496
2024-11-25,1.8778880490171221,-0.03526000078154658,1.6000336453092932,-0.05099889612337294,1.8222509445877177,-0.03223242641610164
2024-11-26,1.866464858754221,-0.006082998541302745,1.580846014398336,-0.011992017147394507,1.8111812429832643,-0.006074740494623753
2024-11-27,1.9892399887211625,0.06577950256662658,1.6505726497005562,0.044107164560716505,1.9335478511250084,0.06756176866109191
2024-11-28,2.0045708972609435,0.00770691752966278,1.6456342201005278,-0.0029919492492040956,1.9463732845240875,0.006633108868558284
2024-11-29,2.091901137526234,0.04356555329852319,1.6772929768513059,0.019238027724559625,2.024720573626289,0.04025296161078296
2024-11-30,2.166528395742799,0.03567437144989331,1.6594484061394787,-0.010638911006069951,2.099311324000362,0.036840021949537484
2024-12-01,2.19916691220827,0.015064892077853912,1.6732601840274581,0.008323113774962643,2.124116678309271,0.011815948413806981
2024-12-02,2.327585201021303,0.058394061905961955,1.6488910722791044,-0.014563850846972537,2.2425721688447373,0.05576694149859657
2024-12-03,2.4774582095939945,0.06438991299091011,1.6500714102768541,0.0007158374604565587,2.3844447360035015,0.06326332286191261
2024-12-04,2.5375855996285908,0.02426978981996612,1.6986386550545638,0.029433419956995,2.4431093796281047,0.024603062817437894
2024-12-05,2.521265625111063,-0.006431300098769726,1.6694303639283765,-0.017195117419042227,2.424296856309733,-0.007700237850683303
2024-12-06,2.6678822728448073,0.058152003610205005,1.7183528109744266,0.029304874347037435,2.5676181639990743,0.059118712015947324
2024-12-07,2.640072085491698,-0.010424068421675476,1.7188414936109184,0.0002843901632836321,2.5404672906652994,-0.010574342289075908
2024-12-08,2.681331539235648,0.015628154235139156,1.7405738520559342,0.012643608224374825,2.5746473068080946,0.013454224058851716
2024-12-09,2.2822288047744714,-0.14884497818384154,1.6743244147462104,-0.03806183646357275,2.1880357527709853,-0.15016097661796207
2024-12-10,2.2346904382513393,-0.02082979867035287,1.6626197689585567,-0.006990667808799644,2.141695531315718,-0.021178914191224085
2024-12-11,2.3903078209892366,0.06963710949587666,1.7408019383551208,0.04702348116884014,2.292188001964132,0.07026791084349945
2024-12-12,2.424555753324519,0.014327833442434504,1.7208299382704912,-0.011472873303151832,2.330898850266749,0.016888164613655856
2024-12-13,2.4279427322604694,0.001396948257966915,1.7447015948323845,0.013872176460322017,2.33235412953797,0.0006243425239387326
2024-12-14,2.3453833902407535,-0.03400382592337806,1.7442400898997172,-0.0002645179748984594,2.250652409510194,-0.03502972339966277
2024-12-15,2.421540412595275,0.032471033380476175,1.7962146962917411,0.02979785104871202,2.324563035987169,0.03283964514674223
2024-12-16,2.3578518352497353,-0.0263008525541317,1.824848643411154,0.015941272041993138,2.2630843553926616,-0.026447413833369904
2024-12-17,2.2769423240508533,-0.03431492598020362,1.8257248663433219,0.0004801619769023713,2.1816412364767794,-0.0359876637924754
2024-12-18,2.0645926741072467,-0.09326088223693792,1.7226408678012852,-0.05646195680540844,1.9792801952053358,-0.09275633311655068
2024-12-19,1.8975611966503396,-0.08090287229617016,1.6750599328573117,-0.027620925425218767,1.8194960857377986,-0.08072839300600436
2024-12-20,1.9666833392719687,0.036426831842707626,1.681740659685438,0.003988350922304207,1.8857455486058197,0.03641088507269687
2024-12-21,1.8782286804934205,-0.04497656384850073,1.6723471507875782,-0.005585587078341114,1.7995004498766667,-0.04573527896853116
2024-12-22,1.8697473553909816,-0.004515597696128648,1.6357995035424773,-0.021854103215285914,1.791899127148714,-0.004224129384615437
2024-12-23,2.0064184849909443,0.07309604113406193,1.6301744068939181,-0.0034387445627520608,1.92230368933569,0.07277449953027047
2024-12-24,2.0821637326143856,0.03775147018932242,1.696145530755615,0.040468752044387823,1.9935436180553108,0.03705966394115371
2024-12-25,2.0515678729408973,-0.01469426212465614,1.709031374594937,0.007597133386061161,1.9665692274976252,-0.013530875529073652
2024-12-26,1.9195797998036148,-0.06433522130958273,1.645802446646986,-0.036996938083092235,1.8402214283338054,-0.06424782682305669
2024-12-27,1.9223753977391231,0.001456359321865208,1.6198270982004412,-0.015782786384517022,1.8441755354613965,0.002148712685718137
2024-12-28,1.9883366120812496,0.03431234836843132,1.6365131762840486,0.010301147636154973,1.9074007968991347,0.03428375456782106
2024-12-29,1.9007211001680862,-0.044064727964473735,1.6094163175277796,-0.016557678330336723,1.825095756109487,-0.04315036510598665
2024-12-30,1.8937720558294282,-0.0036560042070576406,1.593614718893958,-0.009818216990675421,1.8165386475137442,-0.004688580622193579
2024-12-31,1.864735536410024,-0.015332636961256077,1.6064427671099566,0.00804965470255059,1.7874612476154121,-0.01600703620488864
2025-01-01,1.952474559144036,0.047051724505088086,1.623652962051498,0.010713232549518725,1.868770124045009,0.0454884694916145
2025-01-02,2.0202751740478373,0.034725479308434636,1.6668010070887378,0.026574672079384465,1.9313824221865263,0.03350454790340466
2025-01-03,2.135957057294408,0.057260458739781334,1.688041586703155,0.01274332060280936,2.0418167838728762,0.05717892035142725
2025-01-04,2.1390593531473274,0.0014524148986632412,1.6893813786973948,0.0007936960823675676,2.045245226334439,0.0016791136641849357
2025-01-05,2.1377840249688536,-0.0005962098137191218,1.6916739384225492,0.001357040958342992,2.0454844575545157,0.00011696945529866253
2025-01-06,2.167795951380908,0.014038801890893474,1.7593641380565448,0.04001373911163708,2.074618580647296,0.01424314078025878
2025-01-07,1.9695253089953557,-0.0914618565733791,1.667515023851877,-0.0522058579107606,1.8825241666639148,-0.09259264125719263
2025-01-08,1.9083420381544103,-0.031064983304101075,1.6349807322120655,-0.019510643786980086,1.8225609553507598,-0.03185255858861983
2025-01-09,1.8407550179428698,-0.035416617598019874,1.5919274651166446,-0.026332583771290996,1.7611068892288602,-0.03371852444302618
2025-01-10,1.898101037303897,0.031153531459669145,1.6291191207359186,0.023362657177693036,1.815457517687921,0.03086162957596486
2025-01-11,1.924244958728946,0.013773724849855553,1.6267051213974721,-0.0014817819689919576,1.833882794777556,0.010149109472470724
2025-01-12,1.8753151004477813,-0.025428081835009934,1.6255994360798482,-0.0006797085120590074,1.7904329913936592,-0.023692791877229644
2025-01-13,1.8262508662148194,-0.02616319477257269,1.6258056770095046,0.00012687069463668266,1.742745453535653,-0.02663463982580361
2025-01-14,1.8965886718943226,0.03851486506083836,1.6603662556813026,0.02125750891420708,1.809887699785678,0.03852670859867007
2025-01-15,2.041324336214702,0.0763136817514665,1.7288948358750522,0.04127317087977689,1.9455783246132945,0.07497184761445934
2025-01-16,2.016263579863794,-0.01227671463388298,1.7197540108184477,-0.00528709142217898,1.9205196723353932,-0.012879796182393169
2025-01-17,2.1351578239524756,0.05896760982843003,1.7908237063197983,0.041325500655484904,2.032069390281096,0.058083090505423325
2025-01-18,2.0029943651344553,-0.06189868371105573,1.7963347598187644,0.0030773847138150234,1.907439842681892,-0.0613313443897523
2025-01-19,1.839361310721519,-0.08169421605035418,1.7409651765888523,-0.03082364404922966,1.7531620905351784,-0.08088210631576012
2025-01-20,1.851390786753079,0.006540028846665837,1.7570684821372837,0.009249642534483904,1.763603201419713,0.0059555878722811805
2025-01-21,1.9155953405535733,0.03467909328483509,1.8259909670257062,0.03922583871323315,1.826209416026295,0.03549903660652449
2025-01-22,1.861882488752971,-0.028039769498019423,1.7832199696263373,-0.023423444130743487,1.7752521070404739,-0.02790332178699451
2025-01-23,1.8531405294557908,-0.004695226121942463,1.7877748151787147,0.0025542813729995117,1.7670477234408513,-0.004621531537455961
2025-01-24,1.8208579051371179,-0.017420494455513965,1.8036152882496526,0.008860440887995313,1.7353610836619582,-0.017931966046277375
2025-01-25,1.833488715267461,0.0069367357522563495,1.8015231210875087,-0.0011599852672430355,1.7486714179803238,0.007670066157227704
2025-01-26,1.7878066800155545,-0.024915362102592764,1.764433811884536,-0.02058775086971032,1.7066724191263003,-0.024017661878714333
2025-01-27,1.7544095875398853,-0.0186804831019978,1.7556404486110058,-0.004983674204326327,1.673498970385573,-0.01943750210582879
2025-01-28,1.6495757365244674,-0.05975449049068454,1.7422021061344393,-0.007654381902170493,1.5743626059611382,-0.05923897545129278
2025-01-29,1.6979333051594339,0.029315155142165417,1.7844909573070973,0.024273217799333002,1.6199739465232108,0.02897130584108799
2025-01-30,1.779784978905927,0.048206648339940074,1.8016337240214282,0.009606530447316075,1.6964059647812608,0.047181016967642354
2025-01-31,1.7859813323037141,0.0034815179761749876,1.7616038904711033,-0.02221863024465054,1.7030137442872026,0.00389516403686649
2025-02-01,1.6511410486371088,-0.07549926823293089,1.7307702694497342,-0.017503152205870398,1.5738764137940326,-0.07582870715304789
2025-02-02,1.466999774142606,-0.11152364884059862,1.6799443510712593,-0.029366068550873647,1.3994105524957763,-0.11085105524752335
2025-02-03,1.5149575095713756,0.03269103122854869,1.7450714180173403,0.03876739542268237,1.4426826798868706,0.03092168149934312
2025-02-04,1.414096619443973,-0.06657671221151208,1.6821773950652534,-0.036040944973784406,1.3473651293577358,-0.06606965749156239
2025-02-05,1.3808600323050042,-0.02350375970210408,1.6622040188943545,-0.011873525485178726,1.3160298981219138,-0.023256673750165196
2025-02-06,1.3219837169271116,-0.04263742450392535,1.6610095760123413,-0.0007185898171560012,1.260496541165757,-0.04219764082518771
2025-02-07,1.3305700045578748,0.006495002563814935,1.660467054000551,-0.0003266218447052216,1.2684423233557411,0.006303692180413011
2025-02-08,1.3726062189474622,0.03159263642318122,1.659484184382489,-0.0005919235890251562,1.3088381954478931,0.031846833985547135
2025-02-09,1.3690759790693985,-0.002571924729272075,1.6596563671769728,0.00010375681558416616,1.3062451487509024,-0.0019811820177691904
2025-02-10,1.410654122544729,0.030369493082182678,1.676392844420204,0.010084302735330342,1.3467259907091147,0.03099023333937137
2025-02-11,1.4003750814929308,-0.00728671960583479,1.6475373474113857,-0.01721284906748588,1.3364183161650274,-0.007653876597911248
2025-02-12,1.473559822253938,0.0522608133550801,1.6835488370436937,0.021857768316384085,1.40612685202937,0.052160715713907235
2025-02-13,1.440179997382267,-0.02265250746360164,1.6621880218914702,-0.012687968820514373,1.374696298449351,-0.02235257333622313
2025-02-14,1.471193377886566,0.02153437803654419,1.677254962468109,0.009064522411546205,1.4031829423122997,0.02072213615114957
2025-02-15,1.4365213396627523,-0.023567288124707125,1.6787600568254846,0.0008973557336571236,1.371209712666845,-0.022786216024523628
2025-02-16,1.4297663142770003,-0.00470234948778266,1.6535859346094146,-0.014995664278356746,1.3641316221136743,-0.005161931459342263
2025-02-17,1.4366360163837943,0.004804772666831231,1.647696629397092,-0.0035615356233140716,1.3717133972691256,0.0055579498580230376
2025-02-18,1.3722790978323223,-0.04479695470357694,1.6449506492461043,-0.0016665568782479045,1.3119386166525573,-0.04357672727814047
2025-02-19,1.4104201963355327,0.02779398051275343,1.6623292427448884,0.010564811477322245,1.346703359041467,0.026498756837886828
2025-02-20,1.4572111596070902,0.03317519374235221,1.6916514050098852,0.017639202578533242,1.3922506792928502,0.03382134598951476
2025-02-21,1.3997899979541775,-0.03940483249414266,1.6538883295671596,-0.022323201654246838,1.3394683863361743,-0.03791148658909966
2025-02-22,1.4491295649400244,0.03524783507380239,1.6612880614711523,0.00447414240230426,1.3853896917371222,0.03428323196679236
2025-02-23,1.4358748966853092,-0.009146641249613762,1.6560186831232846,-0.00317186312842177,1.3732316685436767,-0.008775886861263274
2025-02-24,1.2795036594282188,-0.10890310682223829,1.5745345947228147,-0.04920481225899542,1.2240992531438137,-0.10859960399691272
2025-02-25,1.3015721530536875,0.017247698717274957,1.5241748255681666,-0.03198390770417692,1.2451541384538911,0.017200308925932873
2025-02-26,1.295878620093387,-0.004374350624314309,1.447098857521578,-0.05056898116517383,1.2404371359563824,-0.003788288013374691
2025-02-27,1.3001734593112428,0.0033142295514888166,1.4561975399361757,0.006287533410247459,1.2450342071960794,0.003706009040234622
2025-02-28,1.2906264038187265,-0.0073429090742813145,1.4504391349302492,-0.0039544119860130955,1.2361192828812648,-0.0071603850426661874
2025-03-01,1.2877676181834903,-0.0022150373080679986,1.4801627703644018,0.02049285262534095,1.23175722837557,-0.003528829754623191
2025-03-02,1.4308574948758384,0.11111467214417847,1.621644736151801,0.09558541034819279,1.3644402902268253,0.10771851692418029
2025-03-03,1.2325068467091462,-0.13862362176318874,1.482026851227359,-0.08609646848776398,1.1769071965433437,-0.13744323956624435
2025-03-04,1.219938573356215,-0.010197325383213314,1.5008873176277189,0.01272613001899403,1.1636137393523274,-0.011295246753575966
2025-03-05,1.2677261422615602,0.039172110751343116,1.558603471968867,0.03845468854542222,1.2101840042269645,0.040022099516080364
2025-03-06,1.243027891483404,-0.019482323472556653,1.5469258318742543,-0.007492373977494915,1.18583916975493,-0.020116638781377195
2025-03-07,1.2180721412662328,-0.020076581055144045,1.4924792585096769,-0.03519662820460501,1.1620281851638303,-0.020079438425044234
2025-03-08,1.2023443286455116,-0.012912053471949203,1.4831629824536985,-0.006242147757069216,1.1481244915166102,-0.011965022728996674
2025-03-09,1.091633760100968,-0.09207892107684615,1.3884547050023683,-0.0638556103218324,1.0425026256900478,-0.09199513346069445
2025-03-10,1.032895654922977,-0.05380751981558178,1.3513445824945678,-0.026727643598382422,0.9861740795114249,-0.05403204250093685
2025-03-11,1.082245239978999,0.047777899752808946,1.4263043018692951,0.05547047018633289,1.0320163894850138,0.0464850079980813
2025-03-12,1.1044522341831708,0.020519373413555256,1.4391306299774569,0.008992700990491098,1.0523400206312008,0.019693128280965037
2025-03-13,1.0827383474712498,-0.019660322139671484,1.3946880317820907,-0.030881559512121903,1.032012663485662,-0.019316339535719984
2025-03-14,1.1249138603829605,0.03895263616571096,1.444812662195421,0.035939672006278345,1.0720993168801098,0.038843179752323764
2025-03-15,1.153778305780062,0.025659249488911778,1.4510127908938895,0.0042913028524038666,1.1004055601083291,0.02640263153099699
2025-03-16,1.1054314862692656,-0.04190304087760549,1.4203338075670666,-0.02114315154170565,1.054200864875623,-0.04198878750499729
2025-03-17,1.1572694215863617,0.04689384729943294,1.4453226741690917,0.017593657539440866,1.1046315830019993,0.047837864496844455
2025-03-18,1.1471431334908155,-0.008750156105969813,1.4228171272513443,-0.015571295822011222,1.0956079772434568,-0.008168882636887425
2025-03-19,1.1987542940607951,0.04499103822634946,1.4944038871684973,0.050313394846073445,1.1445115133208992,0.04463598028966826
2025-03-20,1.1657523563019188,-0.02753019357042872,1.4479577073645928,-0.03108007159423798,1.1128117672368703,-0.027697184095640374
2025-03-21,1.1465798953521307,-0.016446426932910752,1.445930904300255,-0.0013997667570185834,1.0955933695495437,-0.015472875282475018
2025-03-22,1.1675856387452168,0.018320348610887535,1.4420935157266905,-0.0026539225091267715,1.117204347982211,0.019725364385467768
2025-03-23,1.177315260165021,0.008333111591077979,1.480869562674626,0.026888718744703333,1.1259843161379008,0.007858873957613423
2025-03-24,1.2241093840701078,0.03974646850201196,1.505446635460473,0.01659637918511736,1.1702061824701608,0.03927396296596721
2025-03-25,1.2374659935924495,0.010911287582757943,1.504057132349744,-0.0009229839690092501,1.1820663348397933,0.010135096316614144
2025-03-26,1.2222939993566533,-0.012260534280825672,1.4951856761804139,-0.005898350520415763,1.165357266776073,-0.01413547410263137
2025-03-27,1.2210728866597909,-0.0009990335365345818,1.5002589622348632,0.00339308096330182,1.1655248606649706,0.00014381331260015714
2025-03-28,1.1397773485573799,-0.06657713801572684,1.4515475724204128,-0.032468654439422484,1.0875102460200805,-0.06693517854297869
2025-03-29,1.0911512617946864,-0.04266279446967415,1.4212502810226204,-0.020872406783935094,1.0391647059205866,-0.04445525021619084
2025-03-30,1.087144343343817,-0.0036721933898320428,1.4170164075926275,-0.0029789780776308117,1.0358336256555074,-0.0032055363756106465
2025-03-31,1.0833616225240552,-0.003479501910599187,1.4197687521426121,0.0019423519270751477,1.032172222428374,-0.0035347406537572013
2025-04-01,1.1034079205928178,0.01850379194904268,1.4651011621220587,0.03192943210718946,1.0510837552435706,0.018322071069403256
2025-04-02,1.0408618341684002,-0.056684463884230665,1.418926931367184,-0.03151606998113066,0.9894017345157561,-0.05868421086340614
2025-04-03,1.0434356725505223,0.0024727954255124086,1.4304210359555887,0.00810056130045389,0.9932510464159553,0.0038905449282268336
2025-04-04,1.0487831458300045,0.0051248710583290105,1.442486044335094,0.008434585395652672,0.9968491780903328,0.0036225803006812683
2025-04-05,1.0445539980512697,-0.004032433011104387,1.436348011529541,-0.004255176561089091,0.9911243144033353,-0.00574295872718147
2025-04-06,0.9317041523852325,-0.1080363924474666,1.3479723110801285,-0.06152805569403952,0.884695901608685,-0.10738149720272067
2025-04-07,0.9520554061884499,0.021843042934945187,1.3613459775020238,0.009921321314960041,0.9038261357599493,0.021623513928886524
2025-04-08,0.9205922602171742,-0.03304759971611125,1.3116699512125838,-0.03649037578279124,0.8724792927168605,-0.03468238171352709
2025-04-09,1.0293452527531748,0.11813372459849379,1.4205859753759706,0.08303615102465267,0.9743920210575509,0.11680819154267681
2025-04-10,0.9970246308707374,-0.031399204296119226,1.3684311016826292,-0.03671363409000172,0.9435218138254513,-0.03168150658560881
2025-04-11,1.0362203586332344,0.039312697549172604,1.4343291209612539,0.04815589122287278,0.980095946005067,0.038763419821030085
2025-04-12,1.08144814110682,0.04364687693768206,1.4667724188964881,0.022619144700549265,1.02302036066817,0.04379613530498264
2025-04-13,1.0515583688399148,-0.02763865517981682,1.4402621169126362,-0.01807390270114073,0.9924748803224351,-0.02985813530219923
2025-04-14,1.0513230465060803,-0.00022378437641465784,1.4547941039519676,0.010089821060129234,0.9921444989710606,-0.0003328863610806594
2025-04-15,1.022014258539479,-0.027878003877119327,1.438666716893818,-0.011085683544041935,0.9654509647206229,-0.02690488560700705
2025-04-16,1.0124863160480242,-0.009322709944449038,1.4453962947845151,0.004677648972950976,0.9567722173126012,-0.008989319732600835
2025-04-17,1.0345644149696673,0.02180582450518368,1.4611184244362674,0.010877383392003281,0.976322532997427,0.020433615578574232
2025-04-18,1.0518264979991923,0.01668536321156085,1.4528023910875048,-0.005691553271577665,0.9928088210592965,0.016886108334767825
2025-04-19,1.0783970811560926,0.025261374577882943,1.4631502158133323,0.007122664988238103,1.0197064643221185,0.027092470062990714
2025-04-20,1.0918285024829795,0.01245498672204094,1.4649666496892049,0.001241454128387609,1.0312260500328132,0.011296962521810247
2025-04-21,1.0970684872128296,0.0047992745361872605,1.5053621781656763,0.027574367297058533,1.0356523824741533,0.004292300840537646
2025-04-22,1.1849714797672675,0.08012534639269496,1.6080135695867073,0.06819049455999648,1.1177878102508427,0.07930791177293457
2025-04-23,1.2014473012520337,0.01390398145953866,1.6122438307902427,0.0026307372546754415,1.133387418325409,0.013955786537934797
2025-04-24,1.2276580806641504,0.02181600423489419,1.6172880470222468,0.0031286931515388527,1.1582109754370775,0.021902093415105725
2025-04-25,1.2437274500295803,0.013089450245573534,1.629135461760372,0.007325482161287589,1.1746795373970063,0.014218965550481001
2025-04-26,1.2652651012962528,0.01731701850446439,1.628317034451527,-0.0005023690957906002,1.193923494070036,0.016382303479698598
2025-04-27,1.2211997954475458,-0.03482693532253645,1.6130730947784608,-0.009361776208526074,1.1515846056264019,-0.03546197780169547
2025-04-28,1.2390976035608645,0.01465592131610179,1.6347055149581466,0.013410688114326774,1.1697961429516859,0.015814328566313138
2025-04-29,1.2226098383518342,-0.01330626833725476,1.6216172144264098,-0.00800651885735637,1.1525417143378913,-0.014749944866682069
2025-04-30,1.2193696600916102,-0.002650214449927833,1.620103175508282,-0.0009336598703186816,1.1497203816919614,-0.0024479223709056954
2025-05-01,1.2455912455945015,0.021504213497424023,1.6602362155288268,0.024771903806653395,1.1748211126341077,0.021832030937128627
2025-05-02,1.247408064107597,0.0014585992953318088,1.6672157250882402,0.004203925618614601,1.176790854276542,0.001676631123880449
2025-05-03,1.1964663842645156,-0.0408380235055844,1.6496374270695808,-0.010543505410932408,1.1281897774401375,-0.04129967246073066
2025-05-04,1.1693376431532663,-0.022674052082061386,1.6236801397553244,-0.015735146940965672,1.102280109225264,-0.02296570021549252
2025-05-05,1.1641412267047369,-0.004443897345608911,1.6301109349147347,0.003960629314822661,1.0988046365902018,-0.003152984986279861
2025-05-06,1.1661730471559146,0.001745338455995689,1.6656813888976356,0.02182087931626664,1.0990682254984847,0.00023988696398370007
2025-05-07,1.167186608145774,0.0008691342955758485,1.669403702256905,0.0022347091010801456,1.1007047368560765,0.0014889988807104172
2025-05-08,1.325081731829585,0.1352783887185338,1.7761661514083673,0.06395244541936007,1.246931678255435,0.1328484710777423
2025-05-09,1.3831677438921617,0.04383579568512731,1.7714066130233868,-0.002679669568754317,1.303107381684471,0.04505114787654648
2025-05-10,1.5058243133644016,0.08867801466154103,1.802915204359995,0.017787328502082422,1.4166500494071044,0.08713224199210785
2025-05-11,1.454485559282335,-0.034093455409391335,1.7910454282199892,-0.006583657462814085,1.3690451476761603,-0.03360385421287896
2025-05-12,1.464401986943278,0.006817824761241431,1.7683128270677577,-0.012692364355506025,1.3778448001871022,0.006427583871780063
2025-05-13,1.511913355431167,0.032444211979704984,1.7912616457751,0.01297780480696753,1.4235230695006535,0.03315196987886334
2025-05-14,1.4543532598951543,-0.03807102789934532,1.7810643304850098,-0.0056928117196847206,1.36884568236577,-0.038409905892191384
2025-05-15,1.3783458343168167,-0.05226201066432584,1.785259329477887,0.0023553326632141935,1.297126293735598,-0.05239406424997417
2025-05-16,1.3599984978664659,-0.013311126999882954,1.7803047308641908,-0.0027752822975837255,1.2796602733615747,-0.013465165619087801
2025-05-17,1.3198081825091272,-0.029551735108816837,1.7744515479164455,-0.003287742174848951,1.2415951262714076,-0.029746291170056217
2025-05-18,1.3763569070235708,0.042846169059913744,1.8317190981337037,0.03227338063104712,1.2949286638690554,0.04295565959397082
2025-05-19,1.3469211478995327,-0.02138671951572086,1.8167467634881,-0.008173925063541976,1.2663673135306515,-0.022056311776331217
2025-05-20,1.354442892542993,0.005584398652579061,1.838380387743272,0.011907892002315235,1.27468296486727,0.006566539777021125
2025-05-21,1.3859120772888032,0.023234043250598854,1.8869558890385991,0.026422987113649876,1.3044441253380645,0.023347892214040423
2025-05-22,1.4566607272146381,0.05104844029084239,1.921740769772342,0.018434389980078292,1.370746188106218,0.050827828866161905
2025-05-23,1.3487936136815826,-0.07405095196004506,1.8462417965907154,-0.039286762485957305,1.2695158688852013,-0.07385052032198125
2025-05-24,1.3483768947578274,-0.0003089567740595624,1.8539229381368412,0.004160420135818521,1.2691675931654325,-0.00027433742917657225
2025-05-25,1.3491121794906722,0.0005453109851581399,1.8756303550182203,0.011708910027940389,1.2697631941614487,0.0004692847494874042
2025-05-26,1.3460450076289194,-0.002273474295451636,1.8828513677179486,0.00384991247364308,1.266777376099269,-0.0023514763035414137
2025-05-27,1.3716211545891805,0.019000959711825645,1.8745038563957686,-0.004433441462932564,1.292061822109766,0.01995966022724076
2025-05-28,1.3674883150294055,-0.00301310572963049,1.8546393630509517,-0.010597200574989252,1.2891270813433569,-0.0022713624968944157
2025-05-29,1.3219520376502074,-0.03329920766322529,1.816206477616498,-0.020722565367765178,1.2461618626061048,-0.03332892416818931
2025-05-30,1.2275709780110657,-0.07139522233114128,1.7895876368281312,-0.014656285569083494,1.1580891903647503,-0.07067514653126007
2025-05-31,1.242162875719306,0.011886805707872247,1.8001728364354648,0.0059148819479413195,1.1724103168931774,0.012366168899233648
2025-06-01,1.2582735159588236,0.012969829121795675,1.8181916540711804,0.010009493128112501,1.1873658736983672,0.0127562480385034
2025-06-02,1.2791057003558794,0.016556165358992903,1.8217453968624233,0.001954547961589004,1.2075724617711927,0.017017996323144154
2025-06-03,1.281425738177642,0.0018137967965563685,1.813813463593663,-0.00435402953805808,1.2106397355372946,0.0025400328868074216
2025-06-04,1.2565046970339473,-0.01944790119413054,1.8017441549445652,-0.006654106881082034,1.1880594835510354,-0.018651504096086773
2025-06-05,1.1819962674323363,-0.05929817037492366,1.7472960334829344,-0.030219674259637563,1.1171712458865666,-0.05966724616564515
2025-06-06,1.2073027322564325,0.021409936326676846,1.7956642617839031,0.02768175934363848,1.1401686782811025,0.020585413811188547
2025-06-07,1.2453735039039746,0.03153374098341374,1.8168678590798248,0.011808219246317808,1.176596853668903,0.031949812410843416
2025-06-08,1.2425707340049221,-0.0022505456317052047,1.8195176852027242,0.0014584583626469083,1.1737860588895965,-0.00238891917018298
2025-06-09,1.3061836308015398,0.05119458800674269,1.8973154104977186,0.042757333950467435,1.2343112604427935,0.05156408281970385
2025-06-10,1.357962117723949,0.0396410471708601,1.8972135801137682,-5.367077260165498e-05,1.2843581903805035,0.04054644200503869
2025-06-11,1.3095264272720721,-0.03566792462006145,1.8693578097798145,-0.014682464128410566,1.2385238869367194,-0.03568654273166988
2025-06-12,1.2316829114013077,-0.059444020563161434,1.8186018997903053,-0.02715152215588279,1.1645292850256797,-0.059744186358854125
2025-06-13,1.2054964516813962,-0.021260715300595298,1.8253970137895923,0.003736449412084397,1.139887806889934,-0.02116003303017164
2025-06-14,1.1856726613379223,-0.016444503271514498,1.8143891836867074,-0.0060303758687717535,1.1211387966111357,-0.016448118986335265
2025-06-15,1.1904365643776544,0.0040178905992118265,1.8168678590798253,0.0013661211251718708,1.1255348069562792,0.003921022409028558
2025-06-16,1.1942162238231468,0.0031750196176713063,1.838027937647471,0.011646459846762047,1.130026316734713,0.003990556090024497
2025-06-17,1.1493456848488581,-0.03757321168409594,1.7992100920790965,-0.021119290285684267,1.0873428427426666,-0.03777210615358348
2025-06-18,1.1565191507746257,0.006241347594836888,1.8048725150677187,0.0031471716469080313,1.0936524266467325,0.00580275480376615
2025-06-19,1.150696112450816,-0.0050349692176819135,1.8009480890376022,-0.0021743508183287297,1.088049032431127,-0.0051235603552640535
2025-06-20,1.1162835294821662,-0.029905882705517955,1.7771003419746432,-0.01324177371247992,1.0553348067469097,-0.03006686712557501
2025-06-21,1.0716558581468871,-0.03997879584945732,1.7573598684048741,-0.01110824926623688,1.0128031614421809,-0.0403015659417445
2025-06-22,1.038123235439044,-0.03129047674486462,1.737574155998992,-0.011258771047185312,0.9814608260127309,-0.03094612716731655
2025-06-23,1.1435742696661153,0.10157853193843011,1.8134018417882698,0.04363997100640682,1.0809755025381256,0.10139444579737496
2025-06-24,1.1615523329661834,0.01572094071801475,1.825606350913356,0.006730173557699004,1.0975429448347873,0.015326380901104055
2025-06-25,1.1340800279076217,-0.023651370910174562,1.8473937528091555,0.011934337260000927,1.0716771131941205,-0.023567033766100542
2025-06-26,1.1095545150761499,-0.021625910189708202,1.8407247227143206,-0.0036099667895346244,1.0494582632893819,-0.020732783812575505
2025-06-27,1.12576693194509,0.014611645168085845,1.8423242509919473,0.0008689665857630757,1.0648993369510587,0.014713375654672524
2025-06-28,1.1461053044185432,0.018066237243540898,1.8464745271810623,0.0022527392704516647,1.0837244050244434,0.017677791149051936
2025-06-29,1.1884612204495089,0.03695639123880877,1.8644570505414166,0.009738841828382805,1.1239522930100425,0.037120035129864726
2025-06-30,1.152987233606162,-0.029848670055830417,1.843436472719352,-0.01127436956295702,1.090102465648121,-0.03011678304536283
2025-07-01,1.1056948335379682,-0.04101727988806853,1.8185699057845375,-0.013489245386434479,1.0449121390779637,-0.041455118206057434
2025-07-02,1.1752957112434483,0.06294763762508812,1.8729672840649767,0.02991217335523433,1.1113185079129064,0.06355210773370878
2025-07-03,1.1809608475186246,0.0048201794841764576,1.8859085153766502,0.00690948070571018,1.116130756732197,0.00433021567176806
2025-07-04,1.1286218666005623,-0.04431898062330713,1.8581931058421957,-0.014696051960356726,1.0661595876549887,-0.044771787513062995
2025-07-05,1.1293758807138103,0.0006680839132765643,1.8619222996328126,0.002006892490824752,1.0667452186816853,0.0005492902127199722
2025-07-06,1.1488599282203342,0.01725204853339791,1.878941390593663,0.009140602142316379,1.0847203527653295,0.01685044729411455
2025-07-07,1.1389239534728608,-0.008648551928227695,1.8624839148415933,-0.00875890851862593,1.0754259663511438,-0.008568463190066575
2025-07-08,1.1607596279317658,0.019172197048207374,1.8741443538578362,0.006260692467368045,1.0954328267083921,0.018603661231214666
2025-07-09,1.2154778746028252,0.04714003257380329,1.9143372536311087,0.021445999978890296,1.1459939204787857,0.0461562704144279
2025-07-10,1.2953424873784352,0.06570634846126411,1.9957265640897603,0.04251565929894152,1.2193646070909114,0.06402362639190279
2025-07-11,1.3077267549079934,0.00956061246367523,2.022398212188723,0.013364379960101092,1.229399202095455,0.00822936383932251
2025-07-12,1.298255760040913,-0.007242334709093393,2.0205790261403114,-0.0008995192131043828,1.2201537587459093,-0.007520293923883426
2025-07-13,1.3405110409938754,0.032547732314032345,2.049124215695335,0.014127232434729464,1.2572151196318808,0.030374336529573012
2025-07-14,1.346860154211366,0.004736337876622922,2.061876235144938,0.006223155898470445,1.2625626228097684,0.004253451214819286
2025-07-15,1.3820896470164798,0.026156756286061445,2.0259068881546365,-0.01744495929348211,1.2961571085939634,0.0266081738658097
2025-07-16,1.414461300800708,0.023422253291679702,2.0417743669186152,0.00783228432498806,1.3257637353176035,0.022841850364695947
2025-07-17,1.4497041882172266,0.024916119936662737,2.0517917589289554,0.004906218910690985,1.3560433638073566,0.022839385090360015
2025-07-18,1.4528757738246685,0.0021877467370375403,2.0301730996119653,-0.010536478286799933,1.3602462807947755,0.0030993971871360743
2025-07-19,1.4873596222863013,0.023734891229450914,2.0282353981335843,-0.0009544513611924321,1.3928713017187593,0.023984642622894306
2025-07-20,1.5394935910394365,0.03505135407198792,2.018178615653777,-0.004958390179493843,1.441260063306069,0.034740296197932626
2025-07-21,1.5609478400183157,0.013935913149462154,2.0201247456605596,0.0009643001821977304,1.4621360965489638,0.014484570671449606
2025-07-22,1.5628322422835337,0.0012072166775258782,2.0645336297423205,0.021983238499085678,1.4631327845249706,0.0006816656659796872
2025-07-23,1.4446252955340522,-0.07563636297697787,2.0436391358247077,-0.01012068469924643,1.3543968420470756,-0.07431720731566951
2025-07-24,1.4162641194806078,-0.019632202302646007,2.0365617521293693,-0.0034631278934098564,1.3273852845786094,-0.019943606356642128
2025-07-25,1.449180596162538,0.023241764180258626,2.023605555879514,-0.006361798868268376,1.3579194269518673,0.023003225007840297
2025-07-26,1.4669682321720119,0.012274271444550063,2.029233060679045,0.002780929704003121,1.3738195471733496,0.011709177957026145
2025-07-27,1.5115281485762702,0.0303755155885565,2.0549906434734253,0.012693259977619942,1.4169488601648708,0.031393724947545144
2025-07-28,1.4303047454856834,-0.05373595137284885,2.0307579362765455,-0.011792125318838775,1.3409874248523552,-0.05360915799295463
2025-07-29,1.4187233100990455,-0.008097180284964508,2.0287314772337752,-0.0009978831088484075,1.329409855728148,-0.008633614983736406
2025-07-30,1.3960460449650192,-0.015984276125302538,2.027203849463735,-0.0007529965336383615,1.308351053333738,-0.015840714813172143
2025-07-31,1.3419702782183032,-0.0387349449839034,1.9912890298918662,-0.01771643220851693,1.2578074120763967,-0.03863155926580544
2025-08-01,1.297890327071006,-0.03284718884074007,1.9482539959395175,-0.021611646178096855,1.2165720832078502,-0.03278349966190361
2025-08-02,1.2672520705197758,-0.02360619839148704,1.9359180705756849,-0.0063317849672285265,1.1885487931005707,-0.02303463189241348
2025-08-03,1.2950394061697472,0.021927236337893168,1.9552574149978652,0.009989753552137381,1.2144063474248161,0.021755568197407052
